region,country,city,month,organic_traffic,paid_traffic,total_traffic,trials_started,paid_conversions,trial_to_paid_rate,mrr_usd,cac_usd,ltv_usd
NA,United States,San Francisco,2025-01,2976,2693,5669,367,91,24.91,29065.6,138.81,4256.01
NA,United States,San Francisco,2025-02,2877,2308,5185,269,64,24.1,20311.29,74.17,4019.76
NA,United States,San Francisco,2025-03,3409,2409,5818,300,70,23.52,17406.38,55.48,3338.38
NA,United States,San Francisco,2025-04,3667,3170,6837,319,60,18.84,15391.26,123.2,4000.06
NA,United States,San Francisco,2025-05,3047,3659,6706,270,50,18.7,9233.07,98.05,2448.26
NA,United States,San Francisco,2025-06,3561,2776,6337,376,58,15.45,17952.4,172.8,3527.86
NA,United States,San Francisco,2025-07,3564,3012,6576,264,49,18.86,15415.03,125.46,2835.3
NA,United States,San Francisco,2025-08,3827,3097,6924,451,93,20.8,25588.67,59.21,2661.66
NA,United States,San Francisco,2025-09,3811,2597,6408,444,90,20.32,18277.57,58.41,2048.84
NA,United States,San Francisco,2025-10,3616,2673,6289,326,59,18.13,12095.03,110.86,1906.6
NA,United States,San Francisco,2025-11,3431,2523,5954,305,60,19.74,15330.1,179.31,3437.47
NA,United States,San Francisco,2025-12,2722,2734,5456,243,37,15.31,12765.97,149.43,6141.84
NA,United States,New York,2025-01,2670,2151,4821,313,60,19.4,13883.8,80.01,2301.53
NA,United States,New York,2025-02,2408,1897,4305,207,51,24.66,14015.34,91.88,3793.67
NA,United States,New York,2025-03,2638,2084,4722,277,55,19.89,13656.63,179.17,4172.26
NA,United States,New York,2025-04,3260,2300,5560,325,55,17.01,13594.54,50.33,3152.81
NA,United States,New York,2025-05,3335,2064,5399,372,89,24.09,26946.03,117.01,5056.07
NA,United States,New York,2025-06,2998,2617,5615,245,56,22.94,12705.31,163.41,3956.89
NA,United States,New York,2025-07,3015,2282,5297,367,72,19.83,23529.82,124.48,3841.01
NA,United States,New York,2025-08,3082,1972,5054,317,59,18.87,15748.09,111.46,3676.19
NA,United States,New York,2025-09,3520,2541,6061,316,73,23.28,22627.79,122.43,5443.21
NA,United States,New York,2025-10,2774,1708,4482,294,57,19.39,18467.13,165.57,2794.23
NA,United States,New York,2025-11,3304,1907,5211,288,61,21.27,20586.59,47.58,4309.16
NA,United States,New York,2025-12,3118,2089,5207,316,51,16.34,11775.76,93.43,3704.6
NA,United States,Seattle,2025-01,3950,913,4863,339,57,17.01,4543.22,57.12,639.49
NA,United States,Seattle,2025-02,3559,796,4355,256,40,15.69,1012.46,171.51,410.54
NA,United States,Seattle,2025-03,4801,1032,5833,355,56,16.04,2629.23,142.63,507.22
NA,United States,Seattle,2025-04,4931,761,5692,279,57,20.49,3406.6,122.9,895.13
NA,United States,Seattle,2025-05,4164,817,4981,329,71,21.82,2216,158.68,325.29
NA,United States,Seattle,2025-06,4975,844,5819,356,77,21.67,2819.06,161.56,439.81
NA,United States,Seattle,2025-07,4692,837,5529,265,40,15.22,2283.17,158.7,769.99
NA,United States,Seattle,2025-08,4479,764,5243,243,46,19.16,3071.82,70.36,1014.9
NA,United States,Seattle,2025-09,5230,878,6108,394,80,20.55,4803.2,116.05,758.41
NA,United States,Seattle,2025-10,4165,783,4948,240,49,20.63,1548.28,168.77,480.49
NA,United States,Seattle,2025-11,4270,705,4975,330,76,23.24,4916.8,81.66,777.92
NA,United States,Seattle,2025-12,3860,705,4565,289,64,22.15,3689.07,165.92,797.34
NA,United States,Austin,2025-01,5630,2320,7950,337,81,24.31,5708.01,62.54,961.9
NA,United States,Austin,2025-02,6911,2110,9021,606,148,24.43,7138.21,95.94,837.45
NA,United States,Austin,2025-03,6983,1828,8811,363,74,20.65,5635.8,158.97,1124
NA,United States,Austin,2025-04,6287,2045,8332,552,92,16.83,3708.9,62.5,595.08
NA,United States,Austin,2025-05,8366,2130,10496,569,121,21.34,9676.45,59.15,1038.48
NA,United States,Austin,2025-06,7301,2723,10024,544,87,16.11,5210.72,149.06,480.87
NA,United States,Austin,2025-07,8370,2052,10422,589,112,19.16,7233.07,95.11,1078.35
NA,United States,Austin,2025-08,7896,2402,10298,657,148,22.54,3992.54,98.29,466.91
NA,United States,Austin,2025-09,6315,2364,8679,600,93,15.52,5814.42,108.2,862.27
NA,United States,Austin,2025-10,5984,1676,7660,459,106,23.23,7209.15,118.41,612.01
NA,United States,Austin,2025-11,7019,1769,8788,591,138,23.38,8834.22,173.09,532.24
NA,United States,Austin,2025-12,7087,1811,8898,597,105,17.67,6811.05,163.48,545.96
NA,United States,Boston,2025-01,7482,2221,9703,465,79,17.2,2546.45,160.71,443.33
NA,United States,Boston,2025-02,6375,2242,8617,439,73,16.82,3573.56,89.83,558.95
NA,United States,Boston,2025-03,8340,2202,10542,624,129,20.71,7255.62,134.51,758.4
NA,United States,Boston,2025-04,9210,2783,11993,676,157,23.3,9159.08,84.3,587.52
NA,United States,Boston,2025-05,7756,3121,10877,666,162,24.37,9425.33,108.91,500.19
NA,United States,Boston,2025-06,9326,2814,12140,846,147,17.39,7966.01,132.88,782.83
NA,United States,Boston,2025-07,9026,2989,12015,554,123,22.26,7267.5,165.97,973.25
NA,United States,Boston,2025-08,8183,2368,10551,732,148,20.27,11078.27,67.12,1080
NA,United States,Boston,2025-09,9120,2920,12040,603,134,22.25,7321.05,53.18,814.06
NA,United States,Boston,2025-10,8473,2758,11231,616,106,17.3,2909.81,101.11,302.49
NA,United States,Boston,2025-11,8403,2130,10533,721,177,24.62,10469.55,170.37,923.24
NA,United States,Boston,2025-12,7872,1944,9816,527,108,20.61,7831.93,109.98,1231.12
NA,United States,Los Angeles,2025-01,1125,2687,3812,180,44,24.61,1576.56,173.44,643.1
NA,United States,Los Angeles,2025-02,1158,2920,4078,232,40,17.6,1961.39,125.13,428.11
NA,United States,Los Angeles,2025-03,1203,3074,4277,195,44,22.93,3297.12,172.4,1318.95
NA,United States,Los Angeles,2025-04,1241,3223,4464,279,46,16.62,2356.56,141.97,536.55
NA,United States,Los Angeles,2025-05,1346,2987,4333,194,40,20.65,2697.58,112.35,547.68
NA,United States,Los Angeles,2025-06,1128,2673,3801,257,44,17.29,2635.16,74.98,671.77
NA,United States,Los Angeles,2025-07,1460,3057,4517,193,37,19.29,984.36,109.92,389.07
NA,United States,Los Angeles,2025-08,1144,2478,3622,188,45,24.2,3583.31,51.06,1243.02
NA,United States,Los Angeles,2025-09,1196,2467,3663,229,55,24.18,4251.56,122.91,894.47
NA,United States,Los Angeles,2025-10,1299,2205,3504,199,36,18.59,2200.13,77.45,606.01
NA,United States,Los Angeles,2025-11,1308,1979,3287,181,31,17.21,841.38,49.86,264.69
NA,United States,Los Angeles,2025-12,1285,2118,3403,233,48,20.82,2352.66,123.31,645.36
NA,United States,Denver,2025-01,2336,2352,4688,314,73,23.46,3434.78,148.02,763.73
NA,United States,Denver,2025-02,3076,2562,5638,260,45,17.55,1856.84,125.16,343.64
NA,United States,Denver,2025-03,3054,2506,5560,271,64,23.79,3219.21,57.83,818.26
NA,United States,Denver,2025-04,2695,3034,5729,362,67,18.53,4714.34,114.61,888.9
NA,United States,Denver,2025-05,2820,2637,5457,370,69,18.92,3799.73,116.82,765.69
NA,United States,Denver,2025-06,2905,2754,5659,349,59,17.01,2135.61,46.36,447.93
NA,United States,Denver,2025-07,3726,2363,6089,278,50,18.1,3262.24,131.49,793.34
NA,United States,Denver,2025-08,3521,2904,6425,429,99,23.18,3851.57,81.64,360.01
NA,United States,Denver,2025-09,2993,3179,6172,322,55,17.2,3681.51,118.23,635.63
NA,United States,Denver,2025-10,2915,2431,5346,334,50,15.21,1989.8,114.88,425.36
NA,United States,Denver,2025-11,3052,2402,5454,277,67,24.49,4004.51,62.54,812.91
NA,United States,Denver,2025-12,3174,2583,5757,260,64,24.72,3179.82,66.47,487.01
NA,United States,Chicago,2025-01,4030,1638,5668,247,58,23.5,2549.29,49.17,374.44
NA,United States,Chicago,2025-02,3471,1778,5249,314,52,16.57,1639.98,148.24,463.94
NA,United States,Chicago,2025-03,4063,2155,6218,306,60,19.83,3172.02,97.28,902.21
NA,United States,Chicago,2025-04,3764,2470,6234,272,62,22.98,3650.26,158.84,528.41
NA,United States,Chicago,2025-05,4692,2298,6990,427,86,20.34,4707.67,103,606.98
NA,United States,Chicago,2025-06,4697,1970,6667,458,101,22.14,7815.95,75.61,1299.57
NA,United States,Chicago,2025-07,5156,2459,7615,447,81,18.17,5662.11,112.7,608.78
NA,United States,Chicago,2025-08,4354,2606,6960,456,113,24.82,6727.98,78.41,573.26
NA,United States,Chicago,2025-09,4025,1707,5732,296,50,16.91,2382.05,171.22,586.24
NA,United States,Chicago,2025-10,4752,2093,6845,324,60,18.56,1776.93,90.02,437.58
NA,United States,Chicago,2025-11,3617,1703,5320,273,67,24.82,4567.22,144.02,624.54
NA,United States,Chicago,2025-12,4482,2119,6601,383,95,24.9,4074.45,172.07,735.43
NA,United States,Atlanta,2025-01,1744,2681,4425,190,38,20.48,2996.02,119.99,780.4
NA,United States,Atlanta,2025-02,1910,2064,3974,220,34,15.74,1982.25,114.77,897.94
NA,United States,Atlanta,2025-03,2064,2513,4577,277,45,16.44,2598.52,68.23,996.4
NA,United States,Atlanta,2025-04,1837,2516,4353,264,51,19.58,1533.33,119.71,433.43
NA,United States,Atlanta,2025-05,2346,2542,4888,278,54,19.51,3346.01,123.78,821.48
NA,United States,Atlanta,2025-06,2094,2171,4265,192,31,16.17,1540.69,127.65,503.5
NA,United States,Atlanta,2025-07,2560,2149,4709,297,63,21.25,2869.37,51.82,650.16
NA,United States,Atlanta,2025-08,2135,3039,5174,291,70,24.4,2598.86,142.97,526.18
NA,United States,Atlanta,2025-09,2283,2183,4466,267,53,19.98,3490.33,89.15,1112.99
NA,United States,Atlanta,2025-10,1791,2629,4420,291,67,23.17,3564.4,104.18,955.61
NA,United States,Atlanta,2025-11,1828,2293,4121,247,54,22.01,1955.95,133.29,586.2
NA,United States,Atlanta,2025-12,1714,2583,4297,175,32,18.56,827.83,55.41,442.67
NA,United States,Miami,2025-01,2485,210,2695,156,32,20.95,1455.07,89.96,766.17
NA,United States,Miami,2025-02,2584,246,2830,137,31,22.87,1452.65,114.34,493.6
NA,United States,Miami,2025-03,3270,238,3508,221,42,19.27,1526.36,152.96,411.97
NA,United States,Miami,2025-04,3364,318,3682,242,37,15.35,2527.3,100.53,1143.25
NA,United States,Miami,2025-05,3306,320,3626,199,40,20.35,1317.65,150.84,401.68
NA,United States,Miami,2025-06,3251,318,3569,206,35,17.01,2011.2,100.03,729.5
NA,United States,Miami,2025-07,2789,249,3038,147,32,22.13,820.23,100.18,441.9
NA,United States,Miami,2025-08,2806,274,3080,195,47,24.43,3105.42,142.28,1074.66
NA,United States,Miami,2025-09,3009,291,3300,132,32,24.25,1580.22,119.71,520.92
NA,United States,Miami,2025-10,3152,205,3357,222,51,23.28,1881.05,154.26,585.1
NA,United States,Miami,2025-11,2970,225,3195,153,26,17.32,1105.61,166.98,373.2
NA,United States,Miami,2025-12,3127,219,3346,186,42,22.94,3092.91,91.55,929.23
NA,United States,Portland,2025-01,6126,2671,8797,460,102,22.22,4708.75,111.07,567.64
NA,United States,Portland,2025-02,7367,3234,10601,593,135,22.89,5578.64,118.08,473.25
NA,United States,Portland,2025-03,7133,3249,10382,689,111,16.21,6649.47,123.59,550.18
NA,United States,Portland,2025-04,7107,2885,9992,449,78,17.44,3098.01,90.32,615.39
NA,United States,Portland,2025-05,8323,3858,12181,638,143,22.54,10429.1,136.66,883.82
NA,United States,Portland,2025-06,8979,2882,11861,590,120,20.47,6797.7,47.99,988.56
NA,United States,Portland,2025-07,8831,3224,12055,819,158,19.39,12469.99,114.16,721.59
NA,United States,Portland,2025-08,8798,3345,12143,767,188,24.51,12728.9,127.53,1122.11
NA,United States,Portland,2025-09,8258,2863,11121,740,127,17.22,8166.77,164.01,984.72
NA,United States,Portland,2025-10,7988,3109,11097,598,141,23.74,5102.65,62.2,392.83
NA,United States,Portland,2025-11,7401,2727,10128,654,124,19.05,6403.23,46.8,624.7
NA,United States,Portland,2025-12,7627,2157,9784,473,80,17.08,2184.74,109.7,268.1
NA,United States,San Diego,2025-01,6629,2361,8990,624,121,19.5,6441.47,178.54,549.15
NA,United States,San Diego,2025-02,7159,1970,9129,487,76,15.7,4948.2,127.14,980.94
NA,United States,San Diego,2025-03,6480,2406,8886,367,67,18.5,5099.43,96.2,1241.65
NA,United States,San Diego,2025-04,7891,2530,10421,614,97,15.95,2978.13,51.57,424
NA,United States,San Diego,2025-05,7327,2811,10138,563,104,18.5,6475.15,147.4,507.2
NA,United States,San Diego,2025-06,7001,3031,10032,517,111,21.62,4893.21,97.75,422.61
NA,United States,San Diego,2025-07,7113,2875,9988,529,120,22.74,8627.06,118.12,1120.27
NA,United States,San Diego,2025-08,7062,2575,9637,591,111,18.86,6367.82,70.03,803.02
NA,United States,San Diego,2025-09,8004,2913,10917,673,151,22.46,8408.59,123.93,519.91
NA,United States,San Diego,2025-10,6820,2364,9184,631,121,19.31,6680.88,116.99,793.29
NA,United States,San Diego,2025-11,7246,2064,9310,520,120,23.26,6056.56,82.59,734.21
NA,United States,San Diego,2025-12,7370,1885,9255,585,135,23.22,6801.81,177.75,799.44
NA,Canada,Toronto,2025-01,3944,2299,6243,255,44,17.6,1181.5,163.69,280.17
NA,Canada,Toronto,2025-02,4397,2004,6401,384,70,18.23,5206.99,164.9,837.05
NA,Canada,Toronto,2025-03,5160,3100,8260,534,125,23.45,4836.94,122.85,335.59
NA,Canada,Toronto,2025-04,4300,3258,7558,376,84,22.48,5826.79,160.83,1246.95
NA,Canada,Toronto,2025-05,4728,2294,7022,367,59,16.3,1547.77,93.66,415.47
NA,Canada,Toronto,2025-06,5354,2632,7986,476,82,17.32,2114.86,148.19,367.2
NA,Canada,Toronto,2025-07,5659,2292,7951,517,109,21.2,6102.56,129.32,931.86
NA,Canada,Toronto,2025-08,5261,2804,8065,562,126,22.57,6215.1,140.5,586.6
NA,Canada,Toronto,2025-09,4537,2687,7224,490,119,24.29,5212.77,116.24,443.14
NA,Canada,Toronto,2025-10,5450,2930,8380,498,114,23.04,7333.68,125.08,548.96
NA,Canada,Toronto,2025-11,4550,2528,7078,426,79,18.73,6066.65,67.59,998.59
NA,Canada,Toronto,2025-12,4858,2511,7369,438,77,17.75,2586.53,130.85,470.04
NA,Canada,Vancouver,2025-01,2138,731,2869,172,40,23.37,1373.4,47.58,542.19
NA,Canada,Vancouver,2025-02,2190,836,3026,197,45,23.03,3503.28,117.35,1003.1
NA,Canada,Vancouver,2025-03,2193,702,2895,165,29,17.77,2194.49,123.73,1053.99
NA,Canada,Vancouver,2025-04,2296,702,2998,122,23,19.23,681.98,126.92,498.43
NA,Canada,Vancouver,2025-05,2803,941,3744,173,40,23.63,2949.41,71.55,1133.62
NA,Canada,Vancouver,2025-06,2410,1005,3415,238,36,15.3,2676.78,129.06,1318.6
NA,Canada,Vancouver,2025-07,2546,1008,3554,148,27,18.35,774.52,176.67,463.84
NA,Canada,Vancouver,2025-08,2781,1005,3786,161,30,18.86,867.21,73.46,297.56
NA,Canada,Vancouver,2025-09,2400,739,3139,135,22,16.67,728.2,176.37,516.13
NA,Canada,Vancouver,2025-10,2654,755,3409,164,37,22.98,1588.93,85.42,443.4
NA,Canada,Vancouver,2025-11,2011,671,2682,135,29,21.74,824.79,73.42,457.62
NA,Canada,Vancouver,2025-12,2015,687,2702,178,29,16.55,856.97,110.41,325.77
NA,Canada,Montreal,2025-01,2082,2121,4203,266,47,18.04,1980.72,45.42,410.57
NA,Canada,Montreal,2025-02,2720,2173,4893,340,64,18.96,4117.46,83.06,748.74
NA,Canada,Montreal,2025-03,2363,2199,4562,257,64,24.92,3937.99,71.9,519.91
NA,Canada,Montreal,2025-04,2458,2521,4979,313,76,24.4,1966.14,115.57,328.78
NA,Canada,Montreal,2025-05,3034,2606,5640,341,73,21.58,2294.8,152.96,290.22
NA,Canada,Montreal,2025-06,3146,2490,5636,312,74,24.03,5471.83,155.41,968.77
NA,Canada,Montreal,2025-07,3177,2559,5736,379,72,19.03,5642.13,170.86,1208.05
NA,Canada,Montreal,2025-08,2708,2097,4805,315,52,16.65,3743.19,111.25,868.53
NA,Canada,Montreal,2025-09,3131,2440,5571,319,65,20.59,2951.93,151.06,478.12
NA,Canada,Montreal,2025-10,3036,2576,5612,281,62,22.29,3504.69,90.58,1011
NA,Canada,Montreal,2025-11,2237,1928,4165,231,46,20.22,2640,146.48,816.95
NA,Canada,Montreal,2025-12,2677,1732,4409,226,39,17.32,1544.22,119.84,395.76
NA,Canada,Calgary,2025-01,3779,1156,4935,240,40,17.08,1523.92,167.64,483.11
NA,Canada,Calgary,2025-02,3498,1627,5125,228,45,19.87,2189.21,125.58,875.47
NA,Canada,Calgary,2025-03,4069,1487,5556,360,60,16.71,1600.53,72.6,304.21
NA,Canada,Calgary,2025-04,4013,1703,5716,384,77,20.1,4047.9,51.78,438.91
NA,Canada,Calgary,2025-05,4254,1643,5897,384,63,16.61,1661.53,105.62,273.62
NA,Canada,Calgary,2025-06,3711,1859,5570,241,50,21.08,2022.89,68.42,477.3
NA,Canada,Calgary,2025-07,4676,1612,6288,393,63,16.25,4252.65,76.99,997.28
NA,Canada,Calgary,2025-08,4274,1908,6182,319,49,15.66,1276.62,156.63,345.14
NA,Canada,Calgary,2025-09,4370,1386,5756,289,44,15.3,3426.81,135.16,1349.86
NA,Canada,Calgary,2025-10,3605,1539,5144,310,56,18.18,4012.18,172.87,1207.13
NA,Canada,Calgary,2025-11,4040,1290,5330,258,63,24.63,1610.64,141.67,385.08
NA,Canada,Calgary,2025-12,3894,1669,5563,274,50,18.4,1467.08,104.78,311.33
EMEA,United Kingdom,London,2025-01,3536,1596,5132,227,48,21.29,9144.36,57.47,1834.19
EMEA,United Kingdom,London,2025-02,3406,1633,5039,298,49,16.47,12997.64,78.3,3371.32
EMEA,United Kingdom,London,2025-03,3720,2199,5919,318,56,17.78,18689.51,155.35,5196.51
EMEA,United Kingdom,London,2025-04,3284,1684,4968,200,37,18.64,9246.43,99.32,4209.84
EMEA,United Kingdom,London,2025-05,4462,2527,6989,299,56,18.91,12665.95,70.73,2227.02
EMEA,United Kingdom,London,2025-06,3911,2137,6048,337,44,13.2,13417.25,116.75,3317.55
EMEA,United Kingdom,London,2025-07,4114,1998,6112,305,49,16.34,10189.5,60.74,2800.44
EMEA,United Kingdom,London,2025-08,4537,1967,6504,346,64,18.59,21655.32,155.83,4624.1
EMEA,United Kingdom,London,2025-09,4102,2317,6419,288,43,15.27,7819.03,156.58,2911.19
EMEA,United Kingdom,London,2025-10,3331,1957,5288,246,32,13.19,11094.29,73.98,3006.67
EMEA,United Kingdom,London,2025-11,3796,2000,5796,207,38,18.59,10278.61,58.94,2630.58
EMEA,United Kingdom,London,2025-12,3767,1652,5419,316,63,20.19,21874,80.06,6144.59
EMEA,United Kingdom,Manchester,2025-01,4100,1006,5106,185,35,18.92,1756.51,75.58,709.62
EMEA,United Kingdom,Manchester,2025-02,4212,1315,5527,243,49,20.24,3436.78,109.44,807.16
EMEA,United Kingdom,Manchester,2025-03,4673,1507,6180,267,37,14.09,1097.34,108,380.25
EMEA,United Kingdom,Manchester,2025-04,5739,1252,6991,311,62,20.08,4358.56,96.92,885.16
EMEA,United Kingdom,Manchester,2025-05,5156,1711,6867,260,55,21.34,3443.7,116.76,521.35
EMEA,United Kingdom,Manchester,2025-06,5599,1422,7021,274,50,18.56,3920.66,120.9,1187.77
EMEA,United Kingdom,Manchester,2025-07,4931,1411,6342,240,43,18.13,3294.51,134.34,671.78
EMEA,United Kingdom,Manchester,2025-08,5319,1438,6757,304,61,20.34,4258.22,127.6,819.15
EMEA,United Kingdom,Manchester,2025-09,4987,1131,6118,268,43,16.13,2673.32,133.85,540.95
EMEA,United Kingdom,Manchester,2025-10,5030,1113,6143,239,48,20.27,1310.66,101.59,264.37
EMEA,United Kingdom,Manchester,2025-11,5647,1254,6901,281,47,17.02,3065.89,174.35,665.65
EMEA,United Kingdom,Manchester,2025-12,5660,1418,7078,409,75,18.35,4473.01,99.43,925.85
EMEA,United Kingdom,Edinburgh,2025-01,815,870,1685,77,16,20.94,979.09,46.09,1066.7
EMEA,United Kingdom,Edinburgh,2025-02,733,795,1528,82,13,17,635.15,78.68,658.34
EMEA,United Kingdom,Edinburgh,2025-03,795,1152,1947,78,16,20.84,892.28,156.85,843.67
EMEA,United Kingdom,Edinburgh,2025-04,965,969,1934,78,11,14.11,793.6,155.76,895.02
EMEA,United Kingdom,Edinburgh,2025-05,853,1028,1881,94,15,16.54,1018.66,179.68,673.08
EMEA,United Kingdom,Edinburgh,2025-06,975,1062,2037,86,12,13.98,343.36,164.76,349.04
EMEA,United Kingdom,Edinburgh,2025-07,990,1258,2248,122,16,13.31,897.57,104.7,896.01
EMEA,United Kingdom,Edinburgh,2025-08,1039,1122,2161,94,18,20.05,501.87,66.55,316.63
EMEA,United Kingdom,Edinburgh,2025-09,822,887,1709,95,20,21.48,835.06,80.71,450.89
EMEA,United Kingdom,Edinburgh,2025-10,848,768,1616,94,13,14.14,625.3,46.31,797.48
EMEA,United Kingdom,Edinburgh,2025-11,949,1069,2018,110,16,15.14,618.13,139.19,449.73
EMEA,United Kingdom,Edinburgh,2025-12,905,717,1622,59,10,17.35,561.34,146.45,523.15
EMEA,United Kingdom,Bristol,2025-01,3664,479,4143,231,46,20.06,1717.53,75.52,603.86
EMEA,United Kingdom,Bristol,2025-02,5064,430,5494,254,39,15.37,2842.63,56.28,736.99
EMEA,United Kingdom,Bristol,2025-03,5168,443,5611,265,43,16.42,1865.86,98.27,577.09
EMEA,United Kingdom,Bristol,2025-04,4610,584,5194,286,56,19.6,1874.01,65.15,357.46
EMEA,United Kingdom,Bristol,2025-05,5176,566,5742,298,37,12.57,995.56,97.91,402.84
EMEA,United Kingdom,Bristol,2025-06,5049,628,5677,235,49,20.86,3638.88,85.13,764.9
EMEA,United Kingdom,Bristol,2025-07,5434,526,5960,308,62,20.26,3845.24,156.29,742.38
EMEA,United Kingdom,Bristol,2025-08,4917,622,5539,243,45,18.71,1794.84,55.97,714.98
EMEA,United Kingdom,Bristol,2025-09,4758,646,5404,321,64,19.94,3921.17,123,1020.79
EMEA,United Kingdom,Bristol,2025-10,4796,507,5303,267,43,16.11,2086.01,89.59,661.81
EMEA,United Kingdom,Bristol,2025-11,5524,435,5959,347,65,18.89,4568.2,120.09,1110.08
EMEA,United Kingdom,Bristol,2025-12,4274,548,4822,173,36,20.9,2864.09,84.7,803.79
EMEA,Germany,Berlin,2025-01,4376,2167,6543,245,32,13.26,2523.31,135.97,1298.63
EMEA,Germany,Berlin,2025-02,4741,2105,6846,341,61,18.03,3814.9,122.67,768.65
EMEA,Germany,Berlin,2025-03,5001,2292,7293,296,56,18.92,2118.67,129.42,585.31
EMEA,Germany,Berlin,2025-04,5244,1790,7034,269,48,18.06,3442.54,51.07,1100.29
EMEA,Germany,Berlin,2025-05,5741,2229,7970,464,71,15.32,3592.14,46.85,446.03
EMEA,Germany,Berlin,2025-06,5755,1846,7601,386,62,16.26,3419.18,68.58,604.38
EMEA,Germany,Berlin,2025-07,6537,2667,9204,333,69,20.9,3914.26,121.13,737.63
EMEA,Germany,Berlin,2025-08,5328,1816,7144,357,55,15.41,4149.74,99.89,711.7
EMEA,Germany,Berlin,2025-09,6301,1898,8199,394,74,18.98,5514.07,151.95,1100.1
EMEA,Germany,Berlin,2025-10,6020,2317,8337,353,42,12.01,1678.22,74.42,584.11
EMEA,Germany,Berlin,2025-11,5801,1961,7762,274,52,19.29,2225.3,134.78,580.54
EMEA,Germany,Berlin,2025-12,5316,1590,6906,258,52,20.32,3926.62,132.72,682.2
EMEA,Germany,Munich,2025-01,530,478,1008,57,6,12.14,256.5,119.84,405.36
EMEA,Germany,Munich,2025-02,526,609,1135,65,13,20.24,967.63,119.67,1200.06
EMEA,Germany,Munich,2025-03,620,607,1227,73,10,14.26,464.44,109.81,435.66
EMEA,Germany,Munich,2025-04,600,677,1277,75,12,16.05,357.85,53.88,504.36
EMEA,Germany,Munich,2025-05,714,574,1288,60,9,15.18,467.07,161.04,722.56
EMEA,Germany,Munich,2025-06,787,593,1380,73,13,18.67,410.49,122.31,333.68
EMEA,Germany,Munich,2025-07,814,601,1415,84,10,12.93,679.19,135.95,1064.63
EMEA,Germany,Munich,2025-08,690,596,1286,70,10,14.33,374.32,119.39,495.43
EMEA,Germany,Munich,2025-09,663,523,1186,49,9,19.72,547.69,157.38,1080.46
EMEA,Germany,Munich,2025-10,679,447,1126,40,5,14.96,381.45,115.63,817.67
EMEA,Germany,Munich,2025-11,648,541,1189,61,8,13.54,629.89,118.54,736.73
EMEA,Germany,Munich,2025-12,747,425,1172,67,14,21.97,889.33,149.01,722.46
EMEA,Germany,Hamburg,2025-01,2714,1293,4007,232,50,21.75,3541.31,85.91,1251.18
EMEA,Germany,Hamburg,2025-02,2958,1443,4401,228,34,15.07,1541.95,119.31,721.09
EMEA,Germany,Hamburg,2025-03,2885,1337,4222,184,37,20.16,1874.79,55.36,489.5
EMEA,Germany,Hamburg,2025-04,2831,1360,4191,157,20,13.14,1535.15,162.81,961.07
EMEA,Germany,Hamburg,2025-05,3931,1126,5057,254,46,18.16,2307.33,98.59,629.69
EMEA,Germany,Hamburg,2025-06,3442,1557,4999,191,26,13.98,908.14,80.43,462.89
EMEA,Germany,Hamburg,2025-07,3133,1615,4748,201,27,13.63,1678.3,50.14,882.64
EMEA,Germany,Hamburg,2025-08,3690,1205,4895,176,27,15.64,821.41,60.72,320.73
EMEA,Germany,Hamburg,2025-09,3163,1311,4474,232,41,17.93,1359.55,68.23,556.68
EMEA,Germany,Hamburg,2025-10,3309,1413,4722,209,37,18.14,1990.66,88.08,683.23
EMEA,Germany,Hamburg,2025-11,3177,1042,4219,180,35,19.91,2637.89,93.57,834.31
EMEA,Germany,Hamburg,2025-12,2886,1249,4135,178,38,21.88,1630.68,98.21,602.21
EMEA,Germany,Frankfurt,2025-01,2731,1762,4493,269,32,12.1,2375.31,65.13,1177.21
EMEA,Germany,Frankfurt,2025-02,3022,1771,4793,272,32,12.13,1198.98,121.53,431.46
EMEA,Germany,Frankfurt,2025-03,3230,1612,4842,183,24,13.27,849.85,107.01,549.62
EMEA,Germany,Frankfurt,2025-04,3746,2370,6116,244,40,16.41,1438.71,80.7,468.86
EMEA,Germany,Frankfurt,2025-05,3060,1919,4979,290,48,16.66,2375.82,46.97,518.42
EMEA,Germany,Frankfurt,2025-06,4016,1896,5912,268,32,12.14,1641.87,47.84,831
EMEA,Germany,Frankfurt,2025-07,3988,2412,6400,269,54,20.37,2962.7,95.46,782.01
EMEA,Germany,Frankfurt,2025-08,3046,1791,4837,259,37,14.44,2141.95,96.99,957.98
EMEA,Germany,Frankfurt,2025-09,3921,2296,6217,259,36,13.94,1839.38,45.99,421.94
EMEA,Germany,Frankfurt,2025-10,3385,1906,5291,316,44,14.02,1724.61,60.33,673.2
EMEA,Germany,Frankfurt,2025-11,3524,2053,5577,321,55,17.25,2739.86,89.6,692.05
EMEA,Germany,Frankfurt,2025-12,3209,1757,4966,290,63,21.84,4334.82,147.16,1018.72
EMEA,France,Paris,2025-01,632,1686,2318,83,17,21.28,510.22,83.6,441.9
EMEA,France,Paris,2025-02,570,1321,1891,81,15,19.66,716.28,133.15,658.8
EMEA,France,Paris,2025-03,581,2022,2603,93,20,21.68,1104.85,175.03,505.33
EMEA,France,Paris,2025-04,722,1541,2263,82,14,18.18,509.99,124.34,332.36
EMEA,France,Paris,2025-05,724,2045,2769,127,23,18.28,1394.03,158.91,681.82
EMEA,France,Paris,2025-06,829,2204,3033,161,27,16.9,1611.62,144.86,842.98
EMEA,France,Paris,2025-07,674,1614,2288,126,18,14.73,1174.25,95.24,862.34
EMEA,France,Paris,2025-08,673,1550,2223,131,27,20.9,1643.63,107.05,898.37
EMEA,France,Paris,2025-09,775,1738,2513,91,16,18.33,1076.65,179.2,545.78
EMEA,France,Paris,2025-10,772,1653,2425,111,14,13.28,665,92.84,523.84
EMEA,France,Paris,2025-11,754,1669,2423,120,25,21.39,1106.05,77.91,644.12
EMEA,France,Paris,2025-12,642,1410,2052,83,10,12.69,705.12,79.36,897.64
EMEA,France,Lyon,2025-01,4174,1541,5715,306,49,16.12,1752.56,114.28,332.81
EMEA,France,Lyon,2025-02,4096,1593,5689,328,41,12.61,2590.01,69.67,706.91
EMEA,France,Lyon,2025-03,4354,2105,6459,265,34,12.91,1445.95,59.13,394.91
EMEA,France,Lyon,2025-04,4878,1566,6444,230,44,19.14,1975.19,61.93,472.97
EMEA,France,Lyon,2025-05,5237,1790,7027,332,43,13.22,2465.84,87.67,818.3
EMEA,France,Lyon,2025-06,5649,2079,7728,327,47,14.56,2021.38,67.22,421.98
EMEA,France,Lyon,2025-07,5645,1876,7521,345,61,17.94,3503.29,54.1,937.01
EMEA,France,Lyon,2025-08,4605,2070,6675,362,69,19.15,3922.22,46.97,659.6
EMEA,France,Lyon,2025-09,5088,1728,6816,385,58,15.09,2386.38,80.91,466.08
EMEA,France,Lyon,2025-10,4842,1861,6703,345,69,20.08,5087.04,155.17,603.77
EMEA,France,Lyon,2025-11,4977,1460,6437,246,45,18.38,1916.36,52.71,399.3
EMEA,France,Lyon,2025-12,3953,1891,5844,208,29,14.09,1388.94,93.14,819.82
EMEA,France,Toulouse,2025-01,373,1751,2124,123,22,18.2,1522.54,56.3,820.75
EMEA,France,Toulouse,2025-02,379,1961,2340,90,12,13.52,516.85,52.35,423.15
EMEA,France,Toulouse,2025-03,480,1736,2216,112,21,19.26,948.84,64.88,454.8
EMEA,France,Toulouse,2025-04,425,1979,2404,108,13,12.07,699.24,169.4,867.09
EMEA,France,Toulouse,2025-05,520,2172,2692,116,22,19.65,723.23,133.79,473.9
EMEA,France,Toulouse,2025-06,418,2193,2611,150,22,14.67,1532.99,56.12,975.52
EMEA,France,Toulouse,2025-07,488,1978,2466,143,29,20.71,1977.21,81.95,1167.11
EMEA,France,Toulouse,2025-08,423,2142,2565,110,13,12.54,803.59,76.22,645.08
EMEA,France,Toulouse,2025-09,438,1475,1913,75,9,12.05,445.48,56.37,733.88
EMEA,France,Toulouse,2025-10,414,1999,2413,137,20,14.89,1361.54,153.44,1216.24
EMEA,France,Toulouse,2025-11,451,1360,1811,92,16,18.25,961.75,86.46,997.62
EMEA,France,Toulouse,2025-12,499,1427,1926,71,9,13.95,631.17,136.35,1007.11
EMEA,Netherlands,Amsterdam,2025-01,2079,1006,3085,144,28,19.93,2211.11,170.89,1369.2
EMEA,Netherlands,Amsterdam,2025-02,2088,1120,3208,168,35,21.22,1148.34,86.07,308.16
EMEA,Netherlands,Amsterdam,2025-03,2382,1101,3483,150,19,12.71,840.54,161.44,457.02
EMEA,Netherlands,Amsterdam,2025-04,2606,1318,3924,222,29,13.32,2284.26,123.65,1414.25
EMEA,Netherlands,Amsterdam,2025-05,2911,1152,4063,147,21,14.56,1134.34,68.17,522.58
EMEA,Netherlands,Amsterdam,2025-06,2637,1068,3705,140,22,16.16,626.39,98.56,362.74
EMEA,Netherlands,Amsterdam,2025-07,2639,1488,4127,199,33,16.68,1570.44,155.38,806.66
EMEA,Netherlands,Amsterdam,2025-08,2909,1340,4249,163,24,14.77,660.8,170.66,402.21
EMEA,Netherlands,Amsterdam,2025-09,2733,1104,3837,215,31,14.6,777.8,95.82,343.93
EMEA,Netherlands,Amsterdam,2025-10,2440,1298,3738,140,24,17.54,1277.13,82.99,863.25
EMEA,Netherlands,Amsterdam,2025-11,2580,1192,3772,214,41,19.23,1547.8,140.25,418.17
EMEA,Netherlands,Amsterdam,2025-12,2213,891,3104,166,31,19.11,1174.82,146.17,651.02
EMEA,Netherlands,Rotterdam,2025-01,1715,1185,2900,121,22,18.25,648.21,106.05,453.48
EMEA,Netherlands,Rotterdam,2025-02,2085,1262,3347,190,37,19.73,2291.68,49.28,826.84
EMEA,Netherlands,Rotterdam,2025-03,1821,1325,3146,135,23,17.62,928.5,150.64,680.83
EMEA,Netherlands,Rotterdam,2025-04,2190,1418,3608,150,26,17.35,1878.03,88.99,1266.98
EMEA,Netherlands,Rotterdam,2025-05,2108,1035,3143,181,22,12.69,1750.19,173.44,745.44
EMEA,Netherlands,Rotterdam,2025-06,2475,1134,3609,164,20,12.61,746.32,94.04,462.21
EMEA,Netherlands,Rotterdam,2025-07,2810,1440,4250,227,39,17.37,2776.8,90.81,1074.33
EMEA,Netherlands,Rotterdam,2025-08,2771,1147,3918,203,41,20.44,3090.15,141.92,816.71
EMEA,Netherlands,Rotterdam,2025-09,2214,953,3167,171,21,12.43,1523.67,61.02,705.15
EMEA,Netherlands,Rotterdam,2025-10,2238,1227,3465,133,21,16.4,1082.69,73.66,472.03
EMEA,Netherlands,Rotterdam,2025-11,2422,1078,3500,123,24,20.03,1894.65,126.8,1029.2
EMEA,Netherlands,Rotterdam,2025-12,2451,1254,3705,199,32,16.45,1842.31,139.63,572.42
EMEA,Sweden,Stockholm,2025-01,1146,1854,3000,135,25,18.63,787.56,99.2,501.87
EMEA,Sweden,Stockholm,2025-02,1012,1588,2600,152,21,14.1,826.36,175.9,603.92
EMEA,Sweden,Stockholm,2025-03,1254,2181,3435,130,24,19.06,1264.87,156.94,689.43
EMEA,Sweden,Stockholm,2025-04,1310,1989,3299,154,30,19.68,1787.13,130.49,744.81
EMEA,Sweden,Stockholm,2025-05,1343,2281,3624,201,38,18.97,2881.31,155.74,1032.62
EMEA,Sweden,Stockholm,2025-06,1440,2461,3901,196,39,20.25,2452.5,119.51,655.16
EMEA,Sweden,Stockholm,2025-07,1345,2466,3811,196,34,17.64,2594.63,124.18,1011.97
EMEA,Sweden,Stockholm,2025-08,1455,2178,3633,144,24,16.71,1223.72,96.06,671.67
EMEA,Sweden,Stockholm,2025-09,1273,1682,2955,133,16,12.72,906.69,160.24,864.35
EMEA,Sweden,Stockholm,2025-10,1208,1516,2724,109,19,17.45,691.37,118.44,375.38
EMEA,Sweden,Stockholm,2025-11,1360,1674,3034,124,24,20.12,1052.55,60.05,601.01
EMEA,Sweden,Stockholm,2025-12,1262,1868,3130,128,21,16.44,851.13,55.93,679.54
EMEA,Sweden,Gothenburg,2025-01,3779,461,4240,169,35,20.9,1096.19,45.52,407.79
EMEA,Sweden,Gothenburg,2025-02,4361,476,4837,175,26,15.14,1363.85,74.24,877.39
EMEA,Sweden,Gothenburg,2025-03,3993,483,4476,234,34,14.62,2017.33,156.97,587.6
EMEA,Sweden,Gothenburg,2025-04,5479,521,6000,254,41,16.31,1728.99,142.89,673.17
EMEA,Sweden,Gothenburg,2025-05,5637,630,6267,343,61,18.01,2663.08,118.52,367.19
EMEA,Sweden,Gothenburg,2025-06,5663,523,6186,219,27,12.63,1250.39,123.76,585.46
EMEA,Sweden,Gothenburg,2025-07,5487,523,6010,309,43,14.19,1341.87,125.52,400.91
EMEA,Sweden,Gothenburg,2025-08,4464,485,4949,186,32,17.31,1496.57,127.78,750.9
EMEA,Sweden,Gothenburg,2025-09,4731,575,5306,256,46,18.18,2872.1,135.01,818.53
EMEA,Sweden,Gothenburg,2025-10,4753,379,5132,182,28,15.58,1213.84,97.34,406.8
EMEA,Sweden,Gothenburg,2025-11,5081,507,5588,326,55,16.92,3495.12,160.5,774.19
EMEA,Sweden,Gothenburg,2025-12,4473,513,4986,238,40,16.97,1392.52,59.6,571.66
EMEA,Israel,Tel Aviv,2025-01,3618,1096,4714,230,41,17.84,1491.77,159.94,321.74
EMEA,Israel,Tel Aviv,2025-02,3868,1394,5262,220,44,20.28,2890.48,151.52,603.79
EMEA,Israel,Tel Aviv,2025-03,3863,1252,5115,245,47,19.48,3337.43,140.09,1227.46
EMEA,Israel,Tel Aviv,2025-04,4957,1326,6283,261,49,18.96,1744.79,57.52,474.38
EMEA,Israel,Tel Aviv,2025-05,5339,1250,6589,361,72,20.12,3709.81,52.74,502.16
EMEA,Israel,Tel Aviv,2025-06,5324,1633,6957,399,71,17.83,2259.64,61.39,484.11
EMEA,Israel,Tel Aviv,2025-07,4555,1385,5940,280,34,12.25,1315.29,100.07,417.66
EMEA,Israel,Tel Aviv,2025-08,4403,1568,5971,330,48,14.57,3244.47,97.05,883.23
EMEA,Israel,Tel Aviv,2025-09,5293,1505,6798,374,49,13.37,1412.89,165.61,342.51
EMEA,Israel,Tel Aviv,2025-10,4321,1417,5738,320,65,20.62,2754.69,160.05,356.39
EMEA,Israel,Tel Aviv,2025-11,3896,1312,5208,190,28,15.25,1736.04,90.53,607.37
EMEA,Israel,Tel Aviv,2025-12,4211,1211,5422,254,50,19.83,3312.92,106.67,1090.39
EMEA,Israel,Jerusalem,2025-01,1098,1829,2927,130,28,21.81,1418.03,151.91,608.9
EMEA,Israel,Jerusalem,2025-02,1226,1603,2829,149,26,17.48,1999.6,78.87,692.6
EMEA,Israel,Jerusalem,2025-03,1301,1853,3154,178,27,15.46,1645.87,92.28,863.91
EMEA,Israel,Jerusalem,2025-04,1601,1659,3260,147,32,21.93,2328.66,121.23,958.12
EMEA,Israel,Jerusalem,2025-05,1413,1937,3350,188,35,18.85,1433.33,72.2,436.23
EMEA,Israel,Jerusalem,2025-06,1401,1633,3034,137,17,13.13,585.74,118.89,332.35
EMEA,Israel,Jerusalem,2025-07,1357,1783,3140,127,21,17.15,643.23,146.49,522.62
EMEA,Israel,Jerusalem,2025-08,1645,1883,3528,199,37,18.95,946.47,98.2,422.32
EMEA,Israel,Jerusalem,2025-09,1415,1441,2856,153,30,20.02,1014.98,117.54,335.6
EMEA,Israel,Jerusalem,2025-10,1526,1528,3054,131,26,20.45,1331.14,135.42,615.59
EMEA,Israel,Jerusalem,2025-11,1313,1698,3011,117,18,15.73,656.95,138.93,636.58
EMEA,Israel,Jerusalem,2025-12,1606,1562,3168,130,21,16.43,1503.6,72.81,1254.5
EMEA,Poland,Warsaw,2025-01,1110,281,1391,76,11,15.18,280.31,96.59,280.77
EMEA,Poland,Warsaw,2025-02,883,258,1141,51,9,18.35,532.49,61.3,1051.35
EMEA,Poland,Warsaw,2025-03,996,265,1261,59,11,20.13,335.03,102.87,435.09
EMEA,Poland,Warsaw,2025-04,1073,299,1372,79,17,21.98,455.34,76.8,297.39
EMEA,Poland,Warsaw,2025-05,1198,264,1462,58,12,21.55,906.22,51.34,860.02
EMEA,Poland,Warsaw,2025-06,1236,266,1502,76,13,18.4,933.11,145.02,963.67
EMEA,Poland,Warsaw,2025-07,1336,267,1603,79,13,16.89,420.34,77.74,352.99
EMEA,Poland,Warsaw,2025-08,1414,253,1667,70,10,15.69,615.06,60.96,1078.78
EMEA,Poland,Warsaw,2025-09,1347,279,1626,84,10,12.17,436.42,152.41,382.95
EMEA,Poland,Warsaw,2025-10,1094,266,1360,56,11,21.34,354.29,152.65,421.27
EMEA,Poland,Warsaw,2025-11,1229,228,1457,69,14,20.57,709.5,93.56,677.14
EMEA,Poland,Warsaw,2025-12,1218,238,1456,85,12,14.95,613.81,147.19,761.69
EMEA,Poland,Krakow,2025-01,3710,504,4214,205,33,16.17,2418.12,72.54,1191.81
EMEA,Poland,Krakow,2025-02,4020,520,4540,269,46,17.13,1885.92,108.37,679.69
EMEA,Poland,Krakow,2025-03,3985,585,4570,174,26,14.98,1765.47,108.67,697.69
EMEA,Poland,Krakow,2025-04,4069,653,4722,276,42,15.43,3332.57,110.51,776.94
EMEA,Poland,Krakow,2025-05,5318,713,6031,318,69,21.84,1915.42,58.05,422.07
EMEA,Poland,Krakow,2025-06,4579,641,5220,187,22,12.22,1487.13,63.15,856.94
EMEA,Poland,Krakow,2025-07,5076,703,5779,206,40,19.84,1023.13,147.86,433.12
EMEA,Poland,Krakow,2025-08,4734,710,5444,255,40,15.89,2952.33,165.68,838.33
EMEA,Poland,Krakow,2025-09,4836,780,5616,331,56,17.09,2794.7,82.62,877.77
EMEA,Poland,Krakow,2025-10,4027,653,4680,196,28,14.79,1323.65,179.84,404.17
EMEA,Poland,Krakow,2025-11,4508,507,5015,194,31,16.4,1645.33,79.94,592.56
EMEA,Poland,Krakow,2025-12,3860,553,4413,261,55,21.45,2388.01,122.07,742.28
EMEA,Spain,Madrid,2025-01,958,2077,3035,113,15,13.61,1167.62,117.57,633.78
EMEA,Spain,Madrid,2025-02,861,1795,2656,138,26,19.33,2073.45,83.81,1067.21
EMEA,Spain,Madrid,2025-03,1004,1856,2860,112,24,21.77,1726.38,112.27,1009.39
EMEA,Spain,Madrid,2025-04,975,2060,3035,158,27,17.15,2145.57,127.53,930.52
EMEA,Spain,Madrid,2025-05,1209,1819,3028,135,20,15.47,974.99,150.54,626.03
EMEA,Spain,Madrid,2025-06,1252,2186,3438,149,29,20.1,1105.07,75.29,497.09
EMEA,Spain,Madrid,2025-07,1073,1684,2757,141,24,17.11,1188.08,175.54,678.79
EMEA,Spain,Madrid,2025-08,1259,1733,2992,147,30,20.68,1712.12,141.93,668.89
EMEA,Spain,Madrid,2025-09,964,1896,2860,128,26,20.67,998.91,175.51,675.47
EMEA,Spain,Madrid,2025-10,979,1721,2700,154,33,21.67,1629.84,88.33,654.95
EMEA,Spain,Madrid,2025-11,1093,1602,2695,143,17,12.52,471.09,97.15,319.64
EMEA,Spain,Madrid,2025-12,978,1729,2707,116,16,13.92,672.33,176.61,508.92
EMEA,Spain,Barcelona,2025-01,3450,2066,5516,226,42,18.81,2703.92,126.99,572.06
EMEA,Spain,Barcelona,2025-02,3760,1487,5247,261,50,19.4,1830.17,158.62,303.94
EMEA,Spain,Barcelona,2025-03,4219,1865,6084,246,32,13.34,2477.82,54.81,773.62
EMEA,Spain,Barcelona,2025-04,3899,2086,5985,290,38,13.26,1555.53,77.23,414.89
EMEA,Spain,Barcelona,2025-05,4186,2228,6414,259,40,15.67,1860.02,176.82,815.93
EMEA,Spain,Barcelona,2025-06,4825,1870,6695,245,37,15.17,1467.93,113.3,625.94
EMEA,Spain,Barcelona,2025-07,4923,2344,7267,319,60,18.87,2532.35,53.22,633.75
EMEA,Spain,Barcelona,2025-08,3723,1918,5641,243,46,18.93,3088.6,86.05,1082.1
EMEA,Spain,Barcelona,2025-09,3963,1855,5818,309,58,18.93,4599.71,75.4,1159.7
EMEA,Spain,Barcelona,2025-10,4210,2100,6310,245,47,19.52,2643.97,82.08,716.93
EMEA,Spain,Barcelona,2025-11,3781,1786,5567,318,56,17.69,3345.71,115.03,508.53
EMEA,Spain,Barcelona,2025-12,3662,1700,5362,229,31,13.82,1634.55,88.58,557.91
APAC,India,Bangalore,2025-01,2999,1326,4325,100,7,7.82,414.13,85.74,1005.58
APAC,India,Bangalore,2025-02,3425,1370,4795,99,8,9,536.5,80.85,1077.55
APAC,India,Bangalore,2025-03,3191,1670,4861,105,11,11.2,577.01,85.03,558.71
APAC,India,Bangalore,2025-04,3523,1862,5385,131,8,6.62,457.42,110.95,757.13
APAC,India,Bangalore,2025-05,3881,1457,5338,203,17,8.61,545.7,145.21,463.23
APAC,India,Bangalore,2025-06,3510,1705,5215,127,11,8.67,819.14,63.03,883.71
APAC,India,Bangalore,2025-07,3996,1908,5904,171,15,9.04,847.04,170.87,936.38
APAC,India,Bangalore,2025-08,3152,1513,4665,136,14,10.73,814.23,133.32,1045.82
APAC,India,Bangalore,2025-09,2886,1315,4201,118,9,8.09,235.71,57.39,387.87
APAC,India,Bangalore,2025-10,3475,1413,4888,150,11,7.53,739.57,146.49,933.44
APAC,India,Bangalore,2025-11,2721,1133,3854,82,7,9.56,492.64,160.87,889.3
APAC,India,Bangalore,2025-12,3162,1569,4731,120,10,8.39,762.31,90.66,1306.51
APAC,India,Mumbai,2025-01,421,601,1022,35,3,10.2,125.64,52.71,478.72
APAC,India,Mumbai,2025-02,436,466,902,18,1,6.84,64.37,176.33,1147.68
APAC,India,Mumbai,2025-03,433,670,1103,38,3,9.01,169.51,63.53,981.81
APAC,India,Mumbai,2025-04,432,599,1031,34,2,8,77.97,130.19,321.61
APAC,India,Mumbai,2025-05,496,638,1134,36,3,9.79,161.96,123.64,801.06
APAC,India,Mumbai,2025-06,503,700,1203,44,3,7.14,141.19,172.95,563.15
APAC,India,Mumbai,2025-07,407,641,1048,23,1,7.22,79.91,118.08,866.24
APAC,India,Mumbai,2025-08,505,727,1232,35,2,7.56,142.22,141.61,1057.39
APAC,India,Mumbai,2025-09,465,628,1093,28,2,10.16,83.64,147.5,593.73
APAC,India,Mumbai,2025-10,342,557,899,24,1,7.97,58.12,88.51,916.56
APAC,India,Mumbai,2025-11,326,567,893,32,3,10.04,157.04,173.29,575.79
APAC,India,Mumbai,2025-12,313,511,824,17,1,11.72,36.55,151.51,575.44
APAC,India,Delhi,2025-01,2742,441,3183,94,5,6.09,378.31,176.77,773.49
APAC,India,Delhi,2025-02,2494,617,3111,77,8,11.37,452.53,92.35,923.55
APAC,India,Delhi,2025-03,2853,687,3540,136,9,6.99,226.15,177.83,428.71
APAC,India,Delhi,2025-04,2583,702,3285,95,7,7.55,513.32,71.55,1281.31
APAC,India,Delhi,2025-05,2793,670,3463,84,7,9.27,438.33,70.68,827.12
APAC,India,Delhi,2025-06,3051,537,3588,130,10,8.01,566.02,114.5,743.33
APAC,India,Delhi,2025-07,2665,621,3286,95,9,10.4,640.81,118.57,631.4
APAC,India,Delhi,2025-08,2670,536,3206,72,5,8.2,188.08,74.47,321.51
APAC,India,Delhi,2025-09,2345,496,2841,66,5,8.59,265.39,63.98,650.1
APAC,India,Delhi,2025-10,2463,489,2952,59,5,8.8,313.55,75.55,584.34
APAC,India,Delhi,2025-11,2755,490,3245,79,8,11.14,559.53,105.53,901.71
APAC,India,Delhi,2025-12,2210,441,2651,83,5,6.59,248.55,171.97,871.34
APAC,India,Hyderabad,2025-01,361,625,986,25,2,11.47,119.65,142.34,632.44
APAC,India,Hyderabad,2025-02,429,638,1067,29,2,9.76,66.07,156.11,341.93
APAC,India,Hyderabad,2025-03,440,796,1236,39,2,6.64,51.86,167.79,277.36
APAC,India,Hyderabad,2025-04,481,1043,1524,36,2,7.59,122.91,175.34,1054.49
APAC,India,Hyderabad,2025-05,452,1005,1457,33,3,11.86,234.12,67.1,857.98
APAC,India,Hyderabad,2025-06,399,827,1226,44,3,8.27,89.59,91.2,531.95
APAC,India,Hyderabad,2025-07,462,869,1331,31,3,11.92,210.44,83,610.32
APAC,India,Hyderabad,2025-08,370,737,1107,34,3,11.57,156.96,158.8,651.86
APAC,India,Hyderabad,2025-09,429,904,1333,31,2,8.17,120.1,54.54,697.52
APAC,India,Hyderabad,2025-10,385,942,1327,39,4,10.9,195.05,152.51,680.46
APAC,India,Hyderabad,2025-11,406,729,1135,36,3,9.78,143.87,64.48,428.52
APAC,India,Hyderabad,2025-12,304,856,1160,28,2,7.27,130.96,88.2,855.22
APAC,India,Chennai,2025-01,2231,770,3001,99,7,8.06,182.35,138.12,454.71
APAC,India,Chennai,2025-02,2640,718,3358,102,7,7.2,463.96,145.77,626.69
APAC,India,Chennai,2025-03,2956,704,3660,145,12,8.3,417.4,92.48,431.38
APAC,India,Chennai,2025-04,2411,840,3251,103,10,10.43,266.04,118.07,226.91
APAC,India,Chennai,2025-05,3018,693,3711,141,14,10.21,740.69,104.6,492.39
APAC,India,Chennai,2025-06,2682,979,3661,139,8,6,461.42,142.11,818.3
APAC,India,Chennai,2025-07,2454,747,3201,80,8,10.99,403.81,110.72,875.7
APAC,India,Chennai,2025-08,2804,944,3748,109,7,6.9,533.03,106.93,747.48
APAC,India,Chennai,2025-09,2396,636,3032,89,9,11.12,687.12,170.9,706.38
APAC,India,Chennai,2025-10,2317,598,2915,108,8,8.15,477.69,141.51,734.36
APAC,India,Chennai,2025-11,2160,839,2999,117,9,7.74,462.41,176.33,413.54
APAC,India,Chennai,2025-12,2185,586,2771,83,5,6.15,236.9,74.79,631.71
APAC,India,Pune,2025-01,2341,897,3238,105,6,6.25,218.24,169.88,424.16
APAC,India,Pune,2025-02,1954,886,2840,73,5,7.61,399.44,160.85,965.01
APAC,India,Pune,2025-03,2653,914,3567,124,7,6.19,221.82,130.47,538.39
APAC,India,Pune,2025-04,2508,773,3281,73,8,11.07,261.29,115.23,273.41
APAC,India,Pune,2025-05,2173,1002,3175,107,8,8.05,294.87,154.85,374.89
APAC,India,Pune,2025-06,2531,1127,3658,83,9,11.65,315.53,121.6,412.65
APAC,India,Pune,2025-07,2793,852,3645,102,12,11.9,654.07,112.86,576.55
APAC,India,Pune,2025-08,2494,730,3224,67,6,9.6,262.75,173.7,745.86
APAC,India,Pune,2025-09,2367,972,3339,111,7,6.75,469.73,73.38,753.89
APAC,India,Pune,2025-10,2299,831,3130,116,8,7.28,467.42,56.31,843.15
APAC,India,Pune,2025-11,2161,815,2976,75,4,6.19,126.28,129.01,547.55
APAC,India,Pune,2025-12,1787,849,2636,98,8,9.13,494.48,155.03,655.6
APAC,Australia,Sydney,2025-01,3802,399,4201,148,9,6.47,446.51,58.76,404.8
APAC,Australia,Sydney,2025-02,3569,421,3990,151,15,10.18,454.73,82.01,339.55
APAC,Australia,Sydney,2025-03,3891,420,4311,119,10,8.51,274.48,84.03,343.45
APAC,Australia,Sydney,2025-04,3328,386,3714,137,12,9.49,352.09,70.88,373.97
APAC,Australia,Sydney,2025-05,3704,384,4088,125,11,9.51,757.1,91.03,1105
APAC,Australia,Sydney,2025-06,3697,339,4036,125,11,9.53,840.4,143.02,1312.37
APAC,Australia,Sydney,2025-07,4279,424,4703,143,13,9.34,1024.51,149.38,714.21
APAC,Australia,Sydney,2025-08,3963,341,4304,124,9,7.26,566.34,163.44,686.13
APAC,Australia,Sydney,2025-09,3025,344,3369,112,8,7.97,322.37,69.9,522.85
APAC,Australia,Sydney,2025-10,3043,389,3432,73,7,9.98,266.46,111.05,413.43
APAC,Australia,Sydney,2025-11,3322,403,3725,142,13,9.5,655.77,155.47,748.24
APAC,Australia,Sydney,2025-12,2757,380,3137,89,6,7.13,242.99,81.12,534.26
APAC,Australia,Melbourne,2025-01,1605,327,1932,67,5,7.93,134.53,62.18,461.35
APAC,Australia,Melbourne,2025-02,1866,323,2189,45,4,10.37,216.17,72.28,491.84
APAC,Australia,Melbourne,2025-03,1886,393,2279,85,8,9.62,520.12,60.55,902.48
APAC,Australia,Melbourne,2025-04,2141,320,2461,92,6,7.17,253.45,128.78,607.58
APAC,Australia,Melbourne,2025-05,2220,318,2538,93,8,9.2,407.38,177.45,784.4
APAC,Australia,Melbourne,2025-06,1865,420,2285,50,3,6.16,141.6,179.13,460.14
APAC,Australia,Melbourne,2025-07,2173,327,2500,86,7,9.03,436.79,72.39,964.45
APAC,Australia,Melbourne,2025-08,2277,388,2665,79,9,11.54,232.85,143.54,436.91
APAC,Australia,Melbourne,2025-09,1628,340,1968,47,4,9.4,242.9,85.85,765.12
APAC,Australia,Melbourne,2025-10,1651,312,1963,45,5,11.31,127.75,164.13,350.47
APAC,Australia,Melbourne,2025-11,1603,345,1948,58,5,8.99,155.29,97.58,323.33
APAC,Australia,Melbourne,2025-12,1411,294,1705,37,2,7.54,60.18,58.63,300.59
APAC,Australia,Brisbane,2025-01,753,462,1215,30,3,11.05,109.54,54.79,548.88
APAC,Australia,Brisbane,2025-02,714,651,1365,45,2,6.54,154.26,79.91,877.16
APAC,Australia,Brisbane,2025-03,746,481,1227,36,2,6.74,94.11,92.35,740.07
APAC,Australia,Brisbane,2025-04,875,530,1405,38,3,8.24,99.98,152.79,502.32
APAC,Australia,Brisbane,2025-05,747,603,1350,29,2,9.77,63.35,178.1,500.69
APAC,Australia,Brisbane,2025-06,801,665,1466,56,5,9.32,172.99,96.12,568.49
APAC,Australia,Brisbane,2025-07,848,676,1524,56,6,11.36,453.53,57.8,1016.01
APAC,Australia,Brisbane,2025-08,836,679,1515,48,3,7,206.57,142.22,610.18
APAC,Australia,Brisbane,2025-09,729,510,1239,33,2,6.11,94.04,119.23,667.46
APAC,Australia,Brisbane,2025-10,730,632,1362,33,2,6.72,143.67,66.14,1274.89
APAC,Australia,Brisbane,2025-11,732,536,1268,50,3,6.58,125.01,131.16,479.19
APAC,Australia,Brisbane,2025-12,733,436,1169,36,3,9.55,182.7,79.51,709.22
APAC,Singapore,Singapore,2025-01,2396,746,3142,94,5,6.37,230.59,105,434.25
APAC,Singapore,Singapore,2025-02,2153,702,2855,61,4,7.82,263.81,175.2,1001.08
APAC,Singapore,Singapore,2025-03,2934,786,3720,96,9,10.03,572.57,95.18,520.22
APAC,Singapore,Singapore,2025-04,2828,619,3447,112,7,6.98,392.76,113.03,456.45
APAC,Singapore,Singapore,2025-05,2627,824,3451,127,14,11.33,722.56,143.34,576.22
APAC,Singapore,Singapore,2025-06,2624,703,3327,103,8,7.89,237.12,137.48,446.9
APAC,Singapore,Singapore,2025-07,2589,658,3247,92,7,8.65,432.44,87.58,915.9
APAC,Singapore,Singapore,2025-08,2882,685,3567,141,11,8.32,436.69,101.9,355.07
APAC,Singapore,Singapore,2025-09,2177,704,2881,101,11,11.4,677.21,59.2,906.25
APAC,Singapore,Singapore,2025-10,2407,777,3184,116,13,11.21,621.1,139.21,510.38
APAC,Singapore,Singapore,2025-11,2539,579,3118,62,4,6.89,270.69,105.32,844.22
APAC,Singapore,Singapore,2025-12,2455,766,3221,84,6,7.25,430,167.31,961.48
APAC,Japan,Tokyo,2025-01,1245,673,1918,62,5,9.02,141.53,168.65,400.66
APAC,Japan,Tokyo,2025-02,1260,651,1911,64,5,9.15,322.48,123.5,1127.23
APAC,Japan,Tokyo,2025-03,1257,554,1811,42,4,10.14,242.03,165.43,927.51
APAC,Japan,Tokyo,2025-04,1517,826,2343,59,6,11,290.84,132.58,740.32
APAC,Japan,Tokyo,2025-05,1618,612,2230,64,5,9.37,358.49,104.89,1232.3
APAC,Japan,Tokyo,2025-06,1535,737,2272,81,7,9.5,544.68,134.15,1029.23
APAC,Japan,Tokyo,2025-07,1314,690,2004,52,5,10.49,182.28,72.7,360.73
APAC,Japan,Tokyo,2025-08,1306,638,1944,73,7,10.65,458.07,152.64,699.81
APAC,Japan,Tokyo,2025-09,1553,562,2115,56,5,9.52,153.3,143.57,364.01
APAC,Japan,Tokyo,2025-10,1425,623,2048,48,4,10.41,155.47,111.26,340.3
APAC,Japan,Tokyo,2025-11,1297,640,1937,53,6,11.73,438.48,140.57,1106.17
APAC,Japan,Tokyo,2025-12,1135,629,1764,42,2,6.86,159.94,129.02,984.43
APAC,Japan,Osaka,2025-01,1079,1183,2262,64,5,7.92,374.33,70.82,1059.67
APAC,Japan,Osaka,2025-02,982,838,1820,49,3,7.59,188.21,173.09,670.04
APAC,Japan,Osaka,2025-03,1156,888,2044,62,3,6.42,229.12,148.46,1113.46
APAC,Japan,Osaka,2025-04,1209,1202,2411,94,9,10.28,682.71,114.81,695.65
APAC,Japan,Osaka,2025-05,1142,999,2141,68,6,8.89,355.45,46.36,589.36
APAC,Japan,Osaka,2025-06,1136,1403,2539,70,5,8.55,321.54,126.51,706.7
APAC,Japan,Osaka,2025-07,1087,1041,2128,83,5,6.78,227.26,48.49,464.41
APAC,Japan,Osaka,2025-08,1162,999,2161,46,4,8.85,102.19,56.44,410.72
APAC,Japan,Osaka,2025-09,1096,1260,2356,87,8,10.1,223.03,150.68,458.74
APAC,Japan,Osaka,2025-10,1042,1030,2072,51,5,11.07,324.97,177.4,621.14
APAC,Japan,Osaka,2025-11,838,873,1711,61,4,7.12,114.67,179.81,236.44
APAC,Japan,Osaka,2025-12,983,920,1903,70,6,9.33,447.54,170.04,603.5
APAC,South Korea,Seoul,2025-01,3124,371,3495,74,7,10.29,415.01,176.02,805.69
APAC,South Korea,Seoul,2025-02,2764,389,3153,124,12,10.18,743.5,77.49,956.4
APAC,South Korea,Seoul,2025-03,3267,377,3644,108,8,7.77,313.83,48.5,425.72
APAC,South Korea,Seoul,2025-04,3220,342,3562,91,10,11.29,576.51,127.06,693.75
APAC,South Korea,Seoul,2025-05,3429,387,3816,138,9,6.7,549.72,91.06,945.22
APAC,South Korea,Seoul,2025-06,3323,439,3762,87,8,9.82,628.9,156.46,676.07
APAC,South Korea,Seoul,2025-07,3093,517,3610,108,10,9.97,751.93,162.96,978.88
APAC,South Korea,Seoul,2025-08,3024,399,3423,117,9,7.72,348.69,93.09,378.61
APAC,South Korea,Seoul,2025-09,3085,425,3510,104,8,8.34,599.99,48.93,1176.81
APAC,South Korea,Seoul,2025-10,3081,378,3459,107,12,11.67,440.1,115.22,467.51
APAC,South Korea,Seoul,2025-11,2434,419,2853,108,11,10.69,393.19,56.71,502.37
APAC,South Korea,Seoul,2025-12,2226,391,2617,80,7,9.98,402.22,102.06,575.1
APAC,Indonesia,Jakarta,2025-01,3233,229,3462,122,14,11.84,570.1,54.6,466.53
APAC,Indonesia,Jakarta,2025-02,3428,209,3637,132,12,9.3,913.66,172.96,661.88
APAC,Indonesia,Jakarta,2025-03,3297,235,3532,88,7,8.44,435.91,75.61,873.05
APAC,Indonesia,Jakarta,2025-04,3690,198,3888,116,8,7.58,518.73,70.59,1097.27
APAC,Indonesia,Jakarta,2025-05,3506,215,3721,107,9,8.45,437.31,124.05,641.97
APAC,Indonesia,Jakarta,2025-06,3221,205,3426,118,11,9.36,492.2,154.13,531.6
APAC,Indonesia,Jakarta,2025-07,3844,226,4070,87,10,11.6,467,152.01,503.96
APAC,Indonesia,Jakarta,2025-08,3537,272,3809,79,8,10.98,451.39,127.01,746.57
APAC,Indonesia,Jakarta,2025-09,3564,184,3748,94,10,11.25,663.79,47.38,874.22
APAC,Indonesia,Jakarta,2025-10,3049,206,3255,84,8,10.09,291.43,152.86,583.96
APAC,Indonesia,Jakarta,2025-11,2812,188,3000,77,6,8.89,387.46,93.45,910.56
APAC,Indonesia,Jakarta,2025-12,2723,187,2910,59,3,6.02,112.49,99.86,619.16
APAC,Philippines,Manila,2025-01,2641,1161,3802,93,7,8.04,366.81,104.22,533.58
APAC,Philippines,Manila,2025-02,2608,1082,3690,85,8,10.23,307.2,108.26,534.26
APAC,Philippines,Manila,2025-03,3423,1636,5059,176,10,6.21,566.29,151.19,462.82
APAC,Philippines,Manila,2025-04,3246,1699,4945,145,8,6.02,204.85,101.25,244.54
APAC,Philippines,Manila,2025-05,3449,1667,5116,120,13,11.33,640.96,64.28,771.25
APAC,Philippines,Manila,2025-06,3592,1644,5236,194,20,10.42,1470.43,103.57,1137.81
APAC,Philippines,Manila,2025-07,3728,1677,5405,120,10,9.11,573.04,68.52,1010.21
APAC,Philippines,Manila,2025-08,2808,1295,4103,157,13,8.79,370.18,125.76,399.18
APAC,Philippines,Manila,2025-09,2557,1683,4240,130,12,9.36,643.28,127.45,570.53
APAC,Philippines,Manila,2025-10,2598,1351,3949,142,8,6.3,465.5,153.92,556.8
APAC,Philippines,Manila,2025-11,2263,1196,3459,109,7,6.83,339.06,119.56,677.57
APAC,Philippines,Manila,2025-12,2416,1223,3639,129,15,11.65,1086.05,121.18,876.29
LATAM,Brazil,Sao Paulo,2025-01,568,614,1182,46,5,12.28,389.44,87.23,699.47
LATAM,Brazil,Sao Paulo,2025-02,629,567,1196,38,4,11.76,202.16,103.49,808.47
LATAM,Brazil,Sao Paulo,2025-03,721,704,1425,52,6,12.53,405.42,52.03,549.22
LATAM,Brazil,Sao Paulo,2025-04,787,755,1542,50,5,11.88,381.44,161.03,1151.78
LATAM,Brazil,Sao Paulo,2025-05,761,795,1556,77,13,17.73,478.92,154.5,367.38
LATAM,Brazil,Sao Paulo,2025-06,723,854,1577,60,10,17.45,298.96,114.06,513.76
LATAM,Brazil,Sao Paulo,2025-07,896,680,1576,58,8,14.95,270.13,175.68,579.01
LATAM,Brazil,Sao Paulo,2025-08,709,646,1355,42,7,17.28,249.55,101.2,445.21
LATAM,Brazil,Sao Paulo,2025-09,789,601,1390,48,8,17.45,599.7,150.47,614.24
LATAM,Brazil,Sao Paulo,2025-10,704,725,1429,50,8,17.28,478.91,54.71,1023.08
LATAM,Brazil,Sao Paulo,2025-11,829,551,1380,56,6,12.43,279.64,69.25,642.27
LATAM,Brazil,Sao Paulo,2025-12,833,654,1487,47,7,14.96,305.99,160.55,539.71
LATAM,Brazil,Rio de Janeiro,2025-01,1347,513,1860,65,10,16.14,363.24,88.43,459.67
LATAM,Brazil,Rio de Janeiro,2025-02,1792,565,2357,80,10,12.87,332.17,113.85,418.73
LATAM,Brazil,Rio de Janeiro,2025-03,1909,595,2504,94,13,13.93,965.81,153.91,597.06
LATAM,Brazil,Rio de Janeiro,2025-04,1732,516,2248,77,8,11.6,216.63,131.85,287.71
LATAM,Brazil,Rio de Janeiro,2025-05,1678,492,2170,99,16,16.81,825.1,101.17,916.82
LATAM,Brazil,Rio de Janeiro,2025-06,1826,495,2321,83,9,11.38,412.79,167.96,649.15
LATAM,Brazil,Rio de Janeiro,2025-07,1971,647,2618,81,9,11.68,505.11,128.1,471.19
LATAM,Brazil,Rio de Janeiro,2025-08,1940,565,2505,110,16,15.11,682.1,57.63,523.13
LATAM,Brazil,Rio de Janeiro,2025-09,1726,598,2324,91,11,12.54,738.61,112.22,745.35
LATAM,Brazil,Rio de Janeiro,2025-10,2059,553,2612,113,11,10.38,617.63,148.04,525.83
LATAM,Brazil,Rio de Janeiro,2025-11,1696,534,2230,67,10,16.02,510.58,105.31,412.08
LATAM,Brazil,Rio de Janeiro,2025-12,2033,431,2464,100,15,15.42,954.67,174.06,847.33
LATAM,Mexico,Mexico City,2025-01,674,682,1356,48,5,11.01,356.7,93.89,1041.91
LATAM,Mexico,Mexico City,2025-02,626,590,1216,51,5,10.49,238.67,118.79,590.01
LATAM,Mexico,Mexico City,2025-03,732,799,1531,69,7,10.31,249.74,117.44,618.93
LATAM,Mexico,Mexico City,2025-04,805,844,1649,59,7,13.44,356.22,66.25,422.92
LATAM,Mexico,Mexico City,2025-05,878,688,1566,54,5,10.67,380.34,123.26,1115.94
LATAM,Mexico,Mexico City,2025-06,901,729,1630,69,7,10.31,246.91,157.22,552.64
LATAM,Mexico,Mexico City,2025-07,773,730,1503,61,6,10,229.61,73.11,402
LATAM,Mexico,Mexico City,2025-08,872,676,1548,52,7,14.03,508.27,77.58,637.91
LATAM,Mexico,Mexico City,2025-09,743,777,1520,62,10,16.53,777.78,152.01,1091.84
LATAM,Mexico,Mexico City,2025-10,751,548,1299,64,8,13.07,266.98,135.01,361.85
LATAM,Mexico,Mexico City,2025-11,757,668,1425,55,9,16.69,356.16,105.57,529.37
LATAM,Mexico,Mexico City,2025-12,778,708,1486,56,8,15.17,266.27,170.91,393.76
LATAM,Mexico,Guadalajara,2025-01,890,443,1333,52,8,17.03,431.99,170.53,693.24
LATAM,Mexico,Guadalajara,2025-02,1105,443,1548,71,8,11.98,595.83,167.96,1298.39
LATAM,Mexico,Guadalajara,2025-03,1201,590,1791,81,8,11.05,464.42,49.63,753.27
LATAM,Mexico,Guadalajara,2025-04,1150,505,1655,61,8,13.46,474.2,55.05,772.76
LATAM,Mexico,Guadalajara,2025-05,1228,616,1844,78,11,14.45,721.67,90.31,1026.81
LATAM,Mexico,Guadalajara,2025-06,1377,602,1979,85,8,10.15,487.76,128.51,676.67
LATAM,Mexico,Guadalajara,2025-07,1242,500,1742,84,13,15.51,415.88,93.16,445.46
LATAM,Mexico,Guadalajara,2025-08,1540,472,2012,69,11,17.12,280.55,72.19,448.62
LATAM,Mexico,Guadalajara,2025-09,1407,498,1905,59,6,10.23,230.77,164,467.65
LATAM,Mexico,Guadalajara,2025-10,1406,611,2017,76,8,11.53,427.53,167.59,857.4
LATAM,Mexico,Guadalajara,2025-11,1125,542,1667,69,11,17.26,349.1,117.09,533
LATAM,Mexico,Guadalajara,2025-12,1264,492,1756,55,6,12.23,257.09,172.59,463.9
LATAM,Argentina,Buenos Aires,2025-01,1826,72,1898,84,14,16.93,832.22,135.32,550.62
LATAM,Argentina,Buenos Aires,2025-02,2455,64,2519,114,13,12.12,992.52,142.19,1186.3
LATAM,Argentina,Buenos Aires,2025-03,2137,78,2215,93,15,16.16,460.77,174.92,519.2
LATAM,Argentina,Buenos Aires,2025-04,2334,94,2428,98,13,13.69,549.82,123.43,647.05
LATAM,Argentina,Buenos Aires,2025-05,2582,91,2673,117,18,15.69,501.45,161.07,350.53
LATAM,Argentina,Buenos Aires,2025-06,2550,78,2628,104,17,17.09,778.75,146.21,410.82
LATAM,Argentina,Buenos Aires,2025-07,2751,104,2855,129,15,11.68,788.69,76.54,635.98
LATAM,Argentina,Buenos Aires,2025-08,2965,93,3058,105,18,17.38,1036.64,96.29,749.8
LATAM,Argentina,Buenos Aires,2025-09,2743,81,2824,112,15,14.04,520.54,154.72,465.63
LATAM,Argentina,Buenos Aires,2025-10,2292,84,2376,115,20,17.58,905.92,63.29,597.18
LATAM,Argentina,Buenos Aires,2025-11,2234,85,2319,78,9,12.02,426.29,96.73,755.31
LATAM,Argentina,Buenos Aires,2025-12,2506,62,2568,90,12,14.07,397.32,127.57,452.2
LATAM,Colombia,Bogota,2025-01,2087,811,2898,143,19,13.51,1040.09,175.68,577.62
LATAM,Colombia,Bogota,2025-02,2886,842,3728,154,19,12.75,1061.86,54.87,874.43
LATAM,Colombia,Bogota,2025-03,2627,1006,3633,135,15,11.14,949.1,67.22,983.07
LATAM,Colombia,Bogota,2025-04,3441,1016,4457,135,19,14.8,1201.7,156.44,541.4
LATAM,Colombia,Bogota,2025-05,3175,959,4134,138,17,12.58,836.61,157.48,851.08
LATAM,Colombia,Bogota,2025-06,3432,917,4349,152,27,17.86,2134.78,169.87,1253.73
LATAM,Colombia,Bogota,2025-07,3161,1066,4227,161,20,12.61,1319.35,55.75,559.78
LATAM,Colombia,Bogota,2025-08,3240,894,4134,198,21,11.01,667.39,64.91,263.7
LATAM,Colombia,Bogota,2025-09,2789,926,3715,143,23,16.11,1830.64,133.97,676.9
LATAM,Colombia,Bogota,2025-10,2734,953,3687,149,24,16.6,1730.73,170.24,1261.87
LATAM,Colombia,Bogota,2025-11,3093,744,3837,188,27,14.38,770.42,131.77,395.96
LATAM,Colombia,Bogota,2025-12,3420,831,4251,157,27,17.73,1865.4,130.11,755.09
LATAM,Colombia,Medellin,2025-01,1749,664,2413,112,13,12.38,889.34,49.21,1208.73
LATAM,Colombia,Medellin,2025-02,2178,546,2724,101,10,10.53,794.14,50.3,1155.4
LATAM,Colombia,Medellin,2025-03,2289,736,3025,105,14,14.26,721.41,139.89,447.28
LATAM,Colombia,Medellin,2025-04,2272,580,2852,127,14,11.51,791.59,74.06,939.52
LATAM,Colombia,Medellin,2025-05,3000,683,3683,136,16,11.87,443.81,81.25,403.38
LATAM,Colombia,Medellin,2025-06,2768,808,3576,135,20,15.55,1038.26,114.2,554.31
LATAM,Colombia,Medellin,2025-07,2729,670,3399,150,26,17.53,1120.93,50.7,558.87
LATAM,Colombia,Medellin,2025-08,2766,568,3334,150,26,17.88,2002.46,71.61,1290.32
LATAM,Colombia,Medellin,2025-09,2817,612,3429,139,23,16.8,1182.37,95.38,664.83
LATAM,Colombia,Medellin,2025-10,2634,519,3153,151,23,15.39,1376.09,58.43,840.11
LATAM,Colombia,Medellin,2025-11,2236,473,2709,109,14,13.22,803.38,57.04,706.39
LATAM,Colombia,Medellin,2025-12,2288,671,2959,121,18,15.5,772.16,57.79,761.81