AI CODING AGENT - DASHBOARD DATA SUMMARY,,,
,,,
,,,
DATASET OVERVIEW,,,
Total Keywords,250,,
Total Regional Records,708,,
Months of Data,24,,
,,,
KEY PROBLEM AREAS BUILT INTO DATA,,,
1. Educational content keywords,High traffic (2K-15K),Low conversion (<1.5%),AI Overview cannibalization
2. APAC region,Declining traffic (-8% trend),Low trial-to-paid (6-12%),High CAC
3. Q3 2025 metrics,Traffic dip,Churn spike,Conversion drop
4. Social channels,High volume,Very low conversion (<2%),Poor engagement
,,,
GROWTH AREAS BUILT INTO DATA,,,
1. Enterprise keywords,+25-60% growth,High conversion (4-9%),No AI Overview
2. LATAM region,+30% growth trend,Improving metrics,Low CAC
3. Developer Communities channel,High intent traffic,6-10% conversion,Best ROI
4. Competitor comparison keywords,+15-45% growth,Strong position gains,